/*!40101 SET @OLD_CHARACTER_SET_CLIENT=@@CHARACTER_SET_CLIENT */;
/*!40101 SET @OLD_CHARACTER_SET_RESULTS=@@CHARACTER_SET_RESULTS */;
/*!40101 SET @OLD_COLLATION_CONNECTION=@@COLLATION_CONNECTION */;
/*!40101 SET NAMES utf8mb4 */;
/*!40014 SET @OLD_UNIQUE_CHECKS=@@UNIQUE_CHECKS, UNIQUE_CHECKS=0 */;
/*!40014 SET @OLD_FOREIGN_KEY_CHECKS=@@FOREIGN_KEY_CHECKS, FOREIGN_KEY_CHECKS=0 */;
/*!40101 SET @OLD_SQL_MODE=@@SQL_MODE, SQL_MODE='NO_AUTO_VALUE_ON_ZERO' */;
/*!40111 SET @OLD_SQL_NOTES=@@SQL_NOTES, SQL_NOTES=0 */;

CREATE TABLE `comment` (
  `comment_id` int NOT NULL AUTO_INCREMENT,
  `content` varchar(255) DEFAULT NULL,
  `comment_date` datetime DEFAULT NULL,
  `user_id` int DEFAULT '1',
  `image_id` int DEFAULT '1',
  PRIMARY KEY (`comment_id`),
  KEY `user_id` (`user_id`),
  KEY `image_id` (`image_id`),
  CONSTRAINT `comment_ibfk_1` FOREIGN KEY (`user_id`) REFERENCES `user` (`user_id`),
  CONSTRAINT `comment_ibfk_2` FOREIGN KEY (`image_id`) REFERENCES `image` (`image_id`)
) ENGINE=InnoDB AUTO_INCREMENT=202 DEFAULT CHARSET=utf8mb4 COLLATE=utf8mb4_0900_ai_ci;

CREATE TABLE `image` (
  `image_id` int NOT NULL AUTO_INCREMENT,
  `image_name` varchar(255) DEFAULT NULL,
  `image_url` varchar(255) DEFAULT NULL,
  `image_desc` varchar(255) DEFAULT NULL,
  `user_id` int DEFAULT '1',
  PRIMARY KEY (`image_id`),
  KEY `user_id` (`user_id`),
  CONSTRAINT `image_ibfk_1` FOREIGN KEY (`user_id`) REFERENCES `user` (`user_id`)
) ENGINE=InnoDB AUTO_INCREMENT=21 DEFAULT CHARSET=utf8mb4 COLLATE=utf8mb4_0900_ai_ci;

CREATE TABLE `save` (
  `save_id` int NOT NULL AUTO_INCREMENT,
  `save_date` datetime DEFAULT NULL,
  `user_id` int DEFAULT '1',
  `image_id` int DEFAULT '1',
  PRIMARY KEY (`save_id`),
  KEY `user_id` (`user_id`),
  KEY `image_id` (`image_id`),
  CONSTRAINT `save_ibfk_1` FOREIGN KEY (`user_id`) REFERENCES `user` (`user_id`),
  CONSTRAINT `save_ibfk_2` FOREIGN KEY (`image_id`) REFERENCES `image` (`image_id`)
) ENGINE=InnoDB AUTO_INCREMENT=149 DEFAULT CHARSET=utf8mb4 COLLATE=utf8mb4_0900_ai_ci;

CREATE TABLE `user` (
  `user_id` int NOT NULL AUTO_INCREMENT,
  `email` varchar(255) DEFAULT NULL,
  `password` varchar(255) DEFAULT NULL,
  `full_name` varchar(255) DEFAULT NULL,
  `age` int DEFAULT NULL,
  `avatar` varchar(255) DEFAULT NULL,
  PRIMARY KEY (`user_id`)
) ENGINE=InnoDB AUTO_INCREMENT=11 DEFAULT CHARSET=utf8mb4 COLLATE=utf8mb4_0900_ai_ci;

CREATE TABLE `theo_doi` (
  `follow_id` int NOT NULL AUTO_INCREMENT,
  `follower_id` int DEFAULT '1',
  `following_id` int DEFAULT '1',
  PRIMARY KEY (`follow_id`),
  KEY `follower_id` (`follower_id`),
  KEY `following_id` (`following_id`),
  CONSTRAINT `theo_doi_ibfk_1` FOREIGN KEY (`follower_id`) REFERENCES `user` (`user_id`),
  CONSTRAINT `theo_doi_ibfk_2` FOREIGN KEY (`following_id`) REFERENCES `user` (`user_id`)
) ENGINE=InnoDB DEFAULT CHARSET=utf8mb4 COLLATE=utf8mb4_0900_ai_ci;

CREATE TABLE `reaction` (
  `reaction_id` int NOT NULL AUTO_INCREMENT,
  `reaction_type` varchar(255) DEFAULT NULL,
  `user_id` int DEFAULT '1',
  `image_id` int DEFAULT '1',
  PRIMARY KEY (`reaction_id`),
  KEY `user_id` (`user_id`),
  KEY `image_id` (`image_id`),
  CONSTRAINT `reaction_ibfk_1` FOREIGN KEY (`user_id`) REFERENCES `user` (`user_id`),
  CONSTRAINT `reaction_ibfk_2` FOREIGN KEY (`image_id`) REFERENCES `image` (`image_id`)
) ENGINE=InnoDB AUTO_INCREMENT=147 DEFAULT CHARSET=utf8mb4 COLLATE=utf8mb4_0900_ai_ci;

INSERT INTO `comment` (`comment_id`, `content`, `comment_date`, `user_id`, `image_id`) VALUES
(1, 'Trái cây tươi mát luôn là một cách tuyệt vời để bắt đầu một ngày mới 🍏🌞.', '2023-10-18 22:27:58', 1, 1);
INSERT INTO `comment` (`comment_id`, `content`, `comment_date`, `user_id`, `image_id`) VALUES
(2, 'Hình ảnh trái cây có màu sắc rực rỡ thường là nguồn cảm hứng cho nghệ sĩ 🎨🍊.', '2023-10-18 22:28:01', 8, 1);
INSERT INTO `comment` (`comment_id`, `content`, `comment_date`, `user_id`, `image_id`) VALUES
(3, 'Khi nhìn vào hình ảnh trái cây, tôi cảm thấy như đang du lịch qua những vùng đất mới 🌍🍇.', '2023-10-18 22:28:02', 10, 1);
INSERT INTO `comment` (`comment_id`, `content`, `comment_date`, `user_id`, `image_id`) VALUES
(4, 'Trái cây là món quà của thiên nhiên cho sức khỏe của chúng ta, hãy trân trọng nó 🌱🍒.', '2023-10-18 22:28:03', 6, 1),
(5, 'Không có gì thú vị hơn việc ngắm nhìn một bát trái cây đầy màu sắc 🍉🌼.', '2023-10-18 22:28:04', 2, 1),
(6, 'Hình ảnh trái cây chín mọng là một lời nhắc nhở rằng thiên nhiên đầy bất ngờ và đẹp đẽ 🌈🍓.', '2023-10-18 22:28:05', 5, 1),
(7, 'Mỗi trái cây trong bức tranh là một tác phẩm nghệ thuật tự nhiên 🍑🖼️.', '2023-10-18 22:28:07', 7, 1),
(8, 'Trái cây luôn đem lại một cảm giác tự nhiên và sự cân bằng cho bữa ăn của tôi 🥭🥦.', '2023-10-18 22:28:08', 3, 1),
(9, 'Hình ảnh trái cây là một biểu tượng của sự thịnh vượng và hạnh phúc trong cuộc sống 🌟🍍.', '2023-10-18 22:28:09', 4, 1),
(10, 'Nhìn vào hình ảnh trái cây, tôi thấy mình bị quyến rũ bởi vẻ đẹp và hương vị của thiên nhiên 🌺🍎.', '2023-10-18 22:28:10', 9, 1),
(11, 'Phòng khách này trông rất ấm cúng và thoải mái, đúng không? 🛋️🏡', '2023-10-18 22:28:11', 1, 2),
(12, 'Tôi thích cách mà màu sắc và thiết kế của phòng khách này tạo cảm giác thư giãn 🎨🛋️.', '2023-10-18 22:28:13', 8, 2),
(13, 'Phòng khách này là nơi tuyệt vời để tụ tập với gia đình và bạn bè 🤗🛋️.', '2023-10-18 22:28:14', 4, 2),
(14, 'Màu sắc tươi sáng trong phòng khách làm tôi cảm thấy tinh thần hơn 🌈🛋️.', '2023-10-18 22:28:15', 9, 2),
(15, 'Không gian này thật thoải mái, tôi muốn nằm xuống ghế và thư giãn ngay lập tức 😌🛋️.', '2023-10-18 22:28:17', 7, 2),
(16, 'Phòng khách này là một nơi tuyệt vời để thả lỏng sau một ngày làm việc căng thẳng 🍃🛋️.', '2023-10-18 22:28:18', 3, 2),
(17, 'Các chi tiết trang trí trong phòng khách này tạo nên không gian ấm cúng và phong cách 🪴🛋️.', '2023-10-18 22:28:19', 10, 2),
(18, 'Tôi yêu cầu sắc đẹp của phòng khách này, nó là nơi hoàn hảo để tận hưởng thời gian với gia đình 🌟🛋️.', '2023-10-18 22:28:20', 5, 2),
(19, 'Mùi thơm của cây cỏ và hoa trong phòng khách tạo cảm giác thư giãn và hạnh phúc 🌸🛋️.', '2023-10-18 22:28:21', 6, 2),
(20, 'Phòng khách này thật sự là một nơi đáng sống và thư giãn 🏡🛋️.', '2023-10-18 22:28:23', 2, 2),
(21, 'The Flash là siêu anh hùng với sức mạnh siêu tốc độ, luôn sẵn sàng để cứu người dưới bất kỳ hoàn cảnh nào ⚡❤️.', '2023-10-18 22:28:24', 1, 3),
(22, 'Tốc độ và sức mạnh của The Flash là điều khiến anh trở thành một biểu tượng trong vũ trụ siêu anh hùng của DC Comics 🏃💨.', '2023-10-18 22:28:25', 8, 3),
(23, 'Khả năng sử dụng Speed Force khiến The Flash trở thành một trong những nhân vật mạnh nhất trong DC Universe 🌌💪.', '2023-10-18 22:28:26', 4, 3),
(24, 'Hình ảnh The Flash luôn là một minh chứng cho sự kiên nhẫn và quyết tâm vượt qua mọi khó khăn ⚡🤛.', '2023-10-18 22:28:28', 2, 3),
(25, 'The Flash không chỉ là siêu anh hùng mà còn là một người bạn đáng tin cậy, luôn ở bên để bảo vệ Central City 🌆🦸.', '2023-10-18 22:28:29', 9, 3),
(26, 'Tốc độ và sự hài hước của The Flash khiến anh trở thành một trong những nhân vật yêu thích trong thế giới siêu anh hùng 🤣❤️.', '2023-10-18 22:28:30', 7, 3),
(27, 'Mọi khi The Flash xuất hiện, bạn biết rằng sẽ có một cuộc chiến hành động đầy kịch tính và hấp dẫn ⚡🔥.', '2023-10-18 22:28:31', 5, 3),
(28, 'Tính cách tương phản giữa tốc độ cực nhanh và tính cẩn trọng của Barry Allen tạo nên một nhân vật phức tạp và thú vị 🤔⚡.', '2023-10-18 22:28:33', 10, 3),
(29, 'Hình ảnh The Flash chứng tỏ rằng một người bình thường có thể trở thành một siêu anh hùng nếu họ tin vào bản thân mình và nỗ lực hết mình ⚡💥.', '2023-10-18 22:28:34', 3, 3),
(30, 'The Flash là biểu tượng của hi vọng, và sự hiện diện của anh luôn đem lại niềm tin trong tương lai 🌟⚡.', '2023-10-18 22:28:35', 6, 3),
(31, 'Mùa Giáng Sinh là thời gian thú vị để tận hưởng gia đình và bạn bè 🎄🎅.', '2023-10-18 22:28:36', 4, 4),
(32, 'Không gian với ánh sáng đèn đẹp lung linh làm cho mùa giáng sinh trở nên phép màu 🌟❄️.', '2023-10-18 22:28:37', 10, 4),
(33, 'Hình ảnh cây thông trang trí và quà tặng chờ đợi dưới cây làm tôi cảm thấy hạnh phúc và háo hức 🎁😊.', '2023-10-18 22:28:39', 3, 4),
(34, 'Giáng Sinh là thời gian của yêu thương và lòng nhân ái, khi mọi người kết nối và chia sẻ niềm vui 🤗❤️.', '2023-10-18 22:28:40', 6, 4),
(35, 'Ngắm nhìn hình ảnh tuyết rơi là như thấy thiên đàng đổ xuống trái đất ❄️☃️.', '2023-10-18 22:28:41', 2, 4),
(36, 'Không gian với mùi thơm của bánh quế và quả cam làm tôi nhớ về hương vị ấm áp của mùa đông 🍊🍰.', '2023-10-18 22:28:42', 9, 4),
(37, 'Cùng nhau hát bài ca Giáng Sinh và chia sẻ bữa tối đặc biệt làm cho mùa lễ hội trở nên đáng nhớ 🎶🍴.', '2023-10-18 22:28:44', 5, 4),
(38, 'Hình ảnh người dân trang trí những ngôi nhà bằng đèn và trang sức giáng sinh thực sự tạo nên không gian ấm áp 🏘️🌟.', '2023-10-18 22:28:45', 7, 4),
(39, 'Chơi với tuyết và xây người tuyết là một phần không thể thiếu của niềm vui Giáng Sinh ❆⛄.', '2023-10-18 22:28:46', 1, 4),
(40, 'Mùa Giáng Sinh là thời gian cho những ước mơ trở thành hiện thực và cho hy vọng vào tương lai 🌠✨.', '2023-10-18 22:28:48', 8, 4),
(41, 'Hoa hướng dương luôn đem lại nụ cười và tia nắng rạng rỡ vào mọi ngày 🌻😊.', '2023-10-18 22:28:49', 3, 5),
(42, 'Hình ảnh hoa hướng dương tỏa sáng như mặt trời, đánh thức tâm hồn và đem lại niềm hy vọng 🌞🌻.', '2023-10-18 22:28:50', 2, 5),
(43, 'Màu vàng tươi sáng của hoa hướng dương khiến tôi cảm thấy ấm áp và vui vẻ 🌼🌞.', '2023-10-18 22:28:51', 5, 5),
(44, 'Hoa hướng dương biểu trưng cho sự lạc quan và sự lớn lên, như tia nắng trong mỗi bức tranh 🌞🌱.', '2023-10-18 22:28:52', 9, 5),
(45, 'Hình ảnh hoa hướng dương nở rộ là minh chứng cho sức mạnh của thiên nhiên và khả năng tái sinh 🌼🌿.', '2023-10-18 22:28:54', 4, 5),
(46, 'Ngắm nhìn hoa hướng dương là một cách tuyệt vời để tìm kiếm sự đẹp và đơn giản trong cuộc sống 🌻❤️.', '2023-10-18 22:28:55', 6, 5),
(47, 'Hoa hướng dương giống như một nụ cười tự nhiên của thiên nhiên, luôn tươi sáng và đáng yêu 🌞🙂.', '2023-10-18 22:28:56', 10, 5),
(48, 'Sự kiên nhẫn của hoa hướng dương theo ánh mặt trời là nguồn cảm hứng về sự kiên trì và đổi mới 🌻🌄.', '2023-10-18 22:28:57', 8, 5),
(49, 'Mùi thơm dịu dàng của hoa hướng dương làm cho mùi khắp nơi trở nên thơm ngát và tươi mát 🌻🌬️.', '2023-10-18 22:28:58', 1, 5),
(50, 'Hoa hướng dương như một lời nhắc nhở rằng, giống như mặt trời, chúng ta cũng có thể tỏa sáng trong cuộc sống của mình 🌞✨.', '2023-10-18 22:29:00', 7, 5),
(51, 'Bức tường này có màu sắc rất bắt mắt và tạo nên không gian sống phong cách 🎨🏡.', '2023-10-18 22:29:01', 2, 6),
(52, 'Tôi thích cách bức tường này làm cho căn phòng trở nên rộng lớn hơn và thoải mái hơn 🏢😌.', '2023-10-18 22:29:02', 3, 6),
(53, 'Những chi tiết trên bức tường này khiến tôi nghĩ đến lịch sử và văn hóa độc đáo 🏰📜.', '2023-10-18 22:29:04', 7, 6),
(54, 'Màu sắc và hoa văn trên bức tường này tạo ra một không gian ấm cúng và thú vị 🎉🎆.', '2023-10-18 22:29:05', 6, 6),
(55, 'Bức tường này là nơi tôi thường trưng bày các tác phẩm nghệ thuật yêu thích của mình 🖼️🎨.', '2023-10-18 22:29:06', 4, 6),
(56, 'Cảm giác khi ngồi bên cạnh bức tường này luôn làm tôi cảm thấy bình yên và tĩnh lặng 🧘‍♂️🏡.', '2023-10-18 22:29:07', 1, 6),
(57, 'Những họa tiết trên bức tường này mang lại sự phong cách và cá nhân hóa cho không gian 🌟🏠.', '2023-10-18 22:29:08', 10, 6),
(58, 'Tôi thường tạo những kí ức đáng nhớ trước bức tường này, bằng cách treo hình ảnh và tranh của gia đình 📸👨‍👩‍👧‍👦.', '2023-10-18 22:29:10', 5, 6),
(59, 'Bức tường này là bảng thư viện của tôi, nơi tôi để sách và tư duy tự do 📚📖.', '2023-10-18 22:29:11', 8, 6),
(60, 'Tôi luôn tìm cách thúc đẩy sự sáng tạo bằng cách viết lên bức tường này 🖋️📝.', '2023-10-18 22:29:12', 9, 6),
(61, 'Mùi cà phê sưởi ấm không gian và làm cho tôi tỉnh táo vào mỗi buổi sáng ☕️🌞.', '2023-10-18 22:29:13', 8, 7),
(62, 'Hình ảnh cốc cà phê đầy bọt là một nghệ thuật thưởng thức tuyệt vời 🥰☕️.', '2023-10-18 22:29:15', 7, 7),
(63, 'Không gian với hương cà phê thơm ngon làm cho mọi người thèm khát và sẵn sàng để làm việc 💪☕️.', '2023-10-18 22:29:16', 3, 7),
(64, 'Cà phê là nguồn cảm hứng lớn cho sự sáng tạo, giúp tôi tập trung và làm việc hiệu quả 🎨☕️.', '2023-10-18 22:29:17', 9, 7),
(65, 'Hình ảnh cà phê và sách là cách hoàn hảo để thư giãn và tận hưởng thời gian riêng tư 📚☕️.', '2023-10-18 22:29:18', 10, 7),
(66, 'Một cốc cà phê nóng là sự khởi đầu hoàn hảo cho mỗi ngày, đem lại năng lượng và sự hứng thú 🌅☕️.', '2023-10-18 22:29:19', 2, 7),
(67, 'Cảm giác khi cầm ly cà phê ấm áp là như một vòng tay của tình yêu và sự an ủi 🤗☕️.', '2023-10-18 22:29:21', 6, 7),
(68, 'Mùi cà phê pha máy buổi sáng là một gợi nhắc về một ngày tuyệt vời trước mắt 🌞☕️.', '2023-10-18 22:29:22', 4, 7),
(69, 'Cà phê không chỉ là một đồ uống, mà còn là một phần của cuộc sống và văn hóa 🌍☕️.', '2023-10-18 22:29:23', 5, 7),
(70, 'Hình ảnh cà phê đưa tôi vào thế giới của niềm đam mê và thưởng thức hương vị 🌟☕️.', '2023-10-18 22:29:24', 1, 7),
(71, 'Mèo cưng luôn là nguồn ngạc nhiên với sự đáng yêu và sự đáng yêu vô tận của họ 😻❤️.', '2023-10-18 22:29:25', 8, 8),
(72, 'Có gì đáng yêu hơn khi mèo nhỏ quấn quýt và tỏ ra thân thiện? 😺🥰', '2023-10-18 22:29:27', 6, 8),
(73, 'Hình ảnh mèo cưng thường làm tôi mỉm cười và cảm thấy ấm áp bên trong 🐾😊.', '2023-10-18 22:29:28', 7, 8),
(74, 'Mèo cưng là những người bạn đáng yêu và đồng hành tốt nhất trong cuộc sống của chúng ta 🐱👫.', '2023-10-18 22:29:29', 9, 8),
(75, 'Ánh mắt của mèo có khả năng tạo kết nối tinh tế và sâu sắc, làm cho chúng trở thành thành viên đặc biệt trong gia đình 🐈👪.', '2023-10-18 22:29:30', 3, 8),
(76, 'Xem mèo chơi và nghịch ngợm thường làm tôi cảm thấy vui vẻ và trẻ trung 🎉🐾.', '2023-10-18 22:29:32', 10, 8),
(77, 'Mèo cưng có khả năng thư giãn và giảm căng thẳng, họ là những bác sĩ tinh thần tuyệt vời 🌼🐱.', '2023-10-18 22:29:33', 5, 8),
(78, 'Khi tôi nhìn vào hình ảnh mèo cưng, tôi luôn cảm thấy yên bình và an lành 🏡😌.', '2023-10-18 22:29:34', 1, 8),
(79, 'Mèo là những người bạn không bao giờ phản bội và luôn sẵn sàng để chia sẻ tình yêu 🐾❤️.', '2023-10-18 22:29:35', 4, 8),
(80, 'Hình ảnh mèo cưng là lời gợi nhắc rằng đôi khi đơn giản là tốt nhất, và yêu thú cưng là điều đáng trân trọng 🧡🐱.', '2023-10-18 22:29:37', 2, 8),
(81, 'Thị trấn ven biển là nơi tuyệt vời để thoát khỏi cuộc sống đô thị ồn ào và thư giãn 🏖️🌅.', '2023-10-18 22:29:38', 1, 9),
(82, 'Cảm giác sóng biển lặng lẽ và cát trắng dài làm cho tôi cảm thấy yên bình và tĩnh lặng 🌊🌾.', '2023-10-18 22:29:39', 8, 9),
(83, 'Hình ảnh thị trấn ven biển với bãi cát và biển xanh làm tôi nhớ về kì nghỉ tuyệt vời và niềm vui 🌞🏄.', '2023-10-18 22:29:40', 9, 9),
(84, 'Thị trấn ven biển là nơi lý tưởng để tham gia các hoạt động ngoại trời và thư giãn cùng gia đình và bạn bè 🚣🍹.', '2023-10-18 22:29:42', 10, 9),
(85, 'Ngắm nhìn bình minh và hoàng hôn tại thị trấn ven biển là trải nghiệm tuyệt vời, tôi thích nhất 🌇🌆.', '2023-10-18 22:29:43', 2, 9),
(86, 'Hình ảnh những con thuyền cá lặng lẽ trên biển tạo nên một cảm giác truyền thống và yên tĩnh 🚤⚓.', '2023-10-18 22:29:44', 4, 9),
(87, 'Thị trấn ven biển với quán cà phê và nhà hàng trên bãi biển là nơi lý tưởng để thưởng thức đồ ăn ngon và cảnh quan đẹp 🍔🍷.', '2023-10-18 22:29:45', 6, 9),
(88, 'Bãi biển với cát mịn và nước biển trong xanh là nơi hoàn hảo để tận hưởng bữa tắm nắng và biển 🌴🌞.', '2023-10-18 22:29:47', 7, 9),
(89, 'Thị trấn ven biển luôn tạo cho tôi cảm giác như đang sống trong một bức tranh hoàn hảo của thiên nhiên 🖼️🏖️.', '2023-10-18 22:29:48', 5, 9),
(90, 'Khi tôi nhìn thấy hình ảnh thị trấn ven biển, tôi cảm thấy như đang tiến vào một thế giới yên bình và thư giãn 🌊🏝️.', '2023-10-18 22:29:49', 3, 9),
(91, 'Hình ảnh thuyền buồm giữa biển mênh mông là biểu tượng của tự do và phiêu lưu 🌊⛵.', '2023-10-18 22:29:50', 3, 10),
(92, 'Thuyền buồm trên sóng biển đưa tôi vào cuộc hành trình đầy hứng thú và khám phá 🌅🌊.', '2023-10-18 22:29:52', 1, 10),
(93, 'Khám phá thế giới qua hình ảnh thuyền buồm là một cơ hội thú vị để tìm hiểu về địa điểm mới và văn hóa khác nhau 🗺️🏝️.', '2023-10-18 22:29:53', 8, 10),
(94, 'Hình ảnh bầu trời xanh và biển bát ngát luôn làm tôi thấy tĩnh lặng và thư thái 🌞🌊.', '2023-10-18 22:29:54', 2, 10),
(95, 'Thuyền buồm là một cách tuyệt vời để tận hưởng thiên nhiên và cảm nhận sức mạnh của gió 🍃⛵.', '2023-10-18 22:29:55', 5, 10),
(96, 'Tôi luôn cảm thấy kích thích và sẵn sàng khám phá khi thấy hình ảnh thuyền buồm trên biển xanh 🤩⛵.', '2023-10-18 22:29:57', 10, 10),
(97, 'Cuộc sống trên biển với hình ảnh thuyền buồm mang lại sự giản dị và yên bình 🌊⛱️.', '2023-10-18 22:29:58', 4, 10),
(98, 'Thuyền buồm là một biểu tượng của tình bạn, nơi mọi người làm việc cùng nhau để du hành xa xôi 🙌⛵.', '2023-10-18 22:29:59', 6, 10),
(99, 'Hình ảnh thuyền buồm trên sóng biển xanh là niềm đam mê và niềm mơ ước của nhiều người ⛵🌊.', '2023-10-18 22:30:00', 9, 10),
(100, 'Tôi luôn thấy thuyền buồm là một phần của trái tim và linh hồn, là niềm đam mê của cuộc đời 🌊❤️.', '2023-10-18 22:30:02', 7, 10),
(101, 'Kem lúc nào cũng ngon nhất, đặc biệt vào mùa hè 🍦🌞.', '2023-10-18 22:30:03', 10, 11),
(102, 'Chắc chắn là mọi người sẽ thích hình ảnh kem mềm béo và ngon lành này 🍨😋.', '2023-10-18 22:30:04', 4, 11),
(103, 'Một cốc kem tươi mát là cách tốt nhất để làm dịu cơn nóng mùa hè 🌡️🍧.', '2023-10-18 22:30:05', 9, 11),
(104, 'Kem có vị ngọt ngào làm tôi nhớ về những kỷ niệm hạnh phúc 🍦❤️.', '2023-10-18 22:30:06', 2, 11),
(105, 'Khi thấy hình ảnh kem, tôi tức thì muốn đến quầy kem gần nhất 🏃🍦.', '2023-10-18 22:30:08', 7, 11),
(106, 'Kem là một món tráng miệng hoàn hảo sau bất kỳ bữa ăn nào 🍨🍽️.', '2023-10-18 22:30:09', 6, 11),
(107, 'Sự kết hợp của màu sắc và vị trái cây trong kem thật tuyệt vời 🌈🍧.', '2023-10-18 22:30:10', 3, 11),
(108, 'Mùi thơm của kem tạo ra một không gian hạnh phúc trong không gian xung quanh 🍦🌸.', '2023-10-18 22:30:12', 1, 11),
(109, 'Hình ảnh kem luôn làm tôi nở nụ cười và tạo cảm giác thoải mái 🍨😄.', '2023-10-18 22:30:13', 5, 11),
(110, 'Kem là niềm vui đơn giản nhưng không bao giờ làm chán ngán 🍦🎉.', '2023-10-18 22:30:14', 8, 11),
(111, 'Cỏ may mắn luôn là biểu tượng của sự may mắn và niềm hy vọng 🍀🌈.', '2023-10-18 22:30:15', 1, 12),
(112, 'Khi tôi thấy cỏ may mắn, tôi luôn tin rằng mọi điều tốt lành sẽ đến với mình 🌟😊.', '2023-10-18 22:30:17', 10, 12),
(113, 'Hình ảnh những chiếc lá bốn lá tạo ra một cảm giác kỳ diệu và tạo sự tươi vui trong tâm hồn 🌱😃.', '2023-10-18 22:30:18', 4, 12),
(114, 'Cỏ may mắn là một biểu tượng của sự thịnh vượng và thành công 🍀💰.', '2023-10-18 22:30:19', 6, 12),
(115, 'Tìm thấy một chiếc lá bốn lá là như tìm thấy kho báu của cuộc đời bạn 🍀💎.', '2023-10-18 22:30:20', 9, 12),
(116, 'Hình ảnh cỏ may mắn là một lời nhắc nhở rằng cần phải lạc quan và luôn tìm kiếm điều tốt lành xung quanh 🌞🍀.', '2023-10-18 22:30:21', 5, 12),
(117, 'Nhìn vào cỏ may mắn, tôi thấy mình được bao quanh bởi sự may mắn và tình yêu của cuộc sống 🥰🍀.', '2023-10-18 22:30:23', 2, 12),
(118, 'Cỏ may mắn là biểu tượng của tình bạn và lòng tốt, nó luôn mang lại niềm vui cho người khác 🍀❤️.', '2023-10-18 22:30:24', 8, 12),
(119, 'Tôi luôn tin rằng cỏ may mắn mang lại may mắn thực sự, không chỉ trong cuộc sống mà còn trong tâm hồn 🌠🍀.', '2023-10-18 22:30:25', 7, 12),
(120, 'Hình ảnh cỏ may mắn là sự kết hợp hoàn hảo giữa tự nhiên và niềm tin vào điều kỳ diệu 🌿🌟.', '2023-10-18 22:30:27', 3, 12),
(121, 'Tháp Eiffel ở Paris là biểu tượng tuyệt đẹp của nền văn hóa Pháp 🗼🇫🇷.', '2023-10-18 22:30:28', 1, 13),
(122, 'Khám phá Tháp Eiffel vào ban đêm là trải nghiệm kỳ diệu, khi nó sáng rực như một ngôi sao lấp lánh trên bầu trời 🌃✨.', '2023-10-18 22:30:29', 10, 13),
(123, 'Hình ảnh của Tháp Eiffel là một minh chứng cho kiến trúc đẹp và tinh tế của con người 🏛️👌.', '2023-10-18 22:30:30', 8, 13),
(124, 'Cảm giác khi đứng dưới chân Tháp Eiffel và ngắm lên trên là một trải nghiệm tuyệt vời, như bạn đang tiến đến bầu trời 🏞️🌌.', '2023-10-18 22:30:32', 4, 13),
(125, 'Tháp Eiffel nổi bật giữa Paris, tạo nên một bức tranh quyến rũ cho thành phố tình yêu 🌆❤️.', '2023-10-18 22:30:33', 6, 13),
(126, 'Hình ảnh Tháp Eiffel thường gợi lên ý tưởng về tình yêu lãng mạn và cuộc sống đẳng cấp 🥂💑.', '2023-10-18 22:30:34', 2, 13),
(127, 'Ngắm nhìn Tháp Eiffel từ sông Seine là một trải nghiệm đặc biệt, khi bạn thấy nó phản chiếu trên nước 🚤🌉.', '2023-10-18 22:30:35', 7, 13),
(128, 'Tháp Eiffel là biểu tượng của Paris, nơi mọi người đến để thực hiện những ước mơ và kỷ niệm đáng nhớ 🗼🎉.', '2023-10-18 22:30:36', 9, 13),
(129, 'Tháp Eiffel có một vẻ đẹp vượt thời gian, và không có gì so sánh được với nó trong kiến trúc thế giới 🏰🌟.', '2023-10-18 22:30:38', 3, 13),
(130, 'Hình ảnh Tháp Eiffel là một lời nhắc nhở về vẻ đẹp và quyền lực của kiến trúc con người 🏗️🌇.', '2023-10-18 22:30:39', 5, 13),
(131, 'Hình ảnh rồng luôn đầy ấn tượng và kỳ bí, đánh thức sự tò mò của tôi 🐉🔥.', '2023-10-18 22:30:40', 10, 14),
(132, 'Vẻ đẹp của hình ảnh rồng thường kết hợp sự mạnh mẽ và uyển chuyển, tạo nên một hiện thân vĩ đại 🐲💪.', '2023-10-18 22:30:42', 7, 14),
(133, 'Rồng thường được coi là biểu tượng của quyền lực và sức mạnh, và hình ảnh của họ thường rất thú vị 🌋🦚.', '2023-10-18 22:30:43', 9, 14),
(134, 'Hình ảnh rồng thường xuất hiện trong văn hóa và truyền thuyết của nhiều dân tộc trên khắp thế giới 🌎📜.', '2023-10-18 22:30:44', 8, 14),
(135, 'Rồng có sức mạnh hủy diệt nhưng cũng có khả năng bảo vệ và đem lại may mắn cho người khác 🍀🔥.', '2023-10-18 22:30:45', 6, 14),
(136, 'Cùng với sự hoành tráng và sức mạnh, hình ảnh rồng thường mang theo một vẻ đẹp hoang dã và bí ẩn 🌿🌟.', '2023-10-18 22:30:47', 5, 14),
(137, 'Rồng là biểu tượng của sự sáng tạo và tưởng tượng, luôn là nguồn cảm hứng cho nghệ thuật và văn hóa 🎨📚.', '2023-10-18 22:30:48', 4, 14),
(138, 'Hình ảnh rồng có thể là sự kết hợp của các yếu tố khác nhau như rắn, cá, và thú hoang dã, tạo nên một sinh vật độc đáo 🐍🐟.', '2023-10-18 22:30:49', 2, 14),
(139, 'Rồng thường xuất hiện trong trang trí và nghệ thuật, tạo nên một cảm giác mê hoặc và quyến rũ 🎉🌌.', '2023-10-18 22:30:50', 3, 14),
(140, 'Hình ảnh rồng thường đưa ta vào một thế giới huyền bí và thần thoại, nơi mọi điều có thể xảy ra 🌠🧙‍♂️.', '2023-10-18 22:30:52', 1, 14),
(141, 'Mùa xuân là thời gian của sự tái sinh, khi thiên nhiên bắt đầu trổ hoa và rực rỡ 🌸🌱.', '2023-10-18 22:30:53', 4, 15),
(142, 'Hình ảnh những bông hoa màu sắc nở rộ trên đồng cỏ làm tôi thấy lòng mình tràn đầy niềm vui 🌼😃.', '2023-10-18 22:30:54', 7, 15),
(143, 'Không gian với màu xanh tươi mát và ánh nắng ấm áp làm cho mùa xuân trở nên đáng yêu và ấm cúng ☀️🍃.', '2023-10-18 22:30:55', 2, 15),
(144, 'Mùa xuân là thời gian của hạnh phúc và hy vọng, khi tất cả thứ sống lại sau mùa đông lạnh lẽo 🌞🌷.', '2023-10-18 22:30:57', 1, 15),
(145, 'Hình ảnh bầy chim hót ca trên cây làm cho mùa xuân trở nên thú vị và đẹp đẽ 🐦🎶.', '2023-10-18 22:30:58', 6, 15),
(146, 'Ngắm nhìn cánh hoa anh đào rụng xuống đất là như thấy thiên đàng rải hoa 🌸❄️.', '2023-10-18 22:30:59', 8, 15),
(147, 'Mùa xuân là thời gian tuyệt vời để đi dạo và thưởng thức sự nở hoa của cây cối 🚶‍♂️🌺.', '2023-10-18 22:31:00', 5, 15),
(148, 'Hình ảnh của những đám mây trắng trên bầu trời xanh trong mùa xuân làm tôi cảm thấy bình yên 🌤️⛅.', '2023-10-18 22:31:02', 10, 15),
(149, 'Mùa xuân là thời điểm tuyệt vời để trồng cây và tạo nên một vườn hoa tươi đẹp 🌳🌻.', '2023-10-18 22:31:03', 9, 15),
(150, 'Hình ảnh ánh nắng và nhiệt độ dịu dàng làm tôi cảm thấy cuộc sống tràn đầy lạc quan và hy vọng 🌞🌼.', '2023-10-18 22:31:04', 3, 15),
(151, 'Cún hiệp sĩ là biểu tượng của sự dũng cảm và trung thành 🐶⚔️.', '2023-10-18 22:31:05', 3, 16),
(152, 'Các chú cún này trong bộ áo giáp sẽ chắc chắn bảo vệ vương quốc của chúng ta 🏰🐾.', '2023-10-18 22:31:06', 1, 16),
(153, 'Nhìn vào hình ảnh cún hiệp sĩ, tôi cảm thấy có niềm tin vào sự bảo vệ và an toàn 🛡️❤️.', '2023-10-18 22:31:08', 2, 16),
(154, 'Cún hiệp sĩ luôn sẵn sàng chống lại mọi thử thách và bảo vệ những người yêu thương 🦸‍♂️🐕.', '2023-10-18 22:31:09', 9, 16),
(155, 'Hình ảnh cún hiệp sĩ là một minh chứng cho tình bạn và đoàn kết trong mọi cuộc phiêu lưu 🤝🏞️.', '2023-10-18 22:31:10', 8, 16),
(156, 'Mỗi cún hiệp sĩ là một anh hùng riêng biệt, và họ đã học được nghệ thuật của sự kiên nhẫn và khéo léo 🌟🛡️.', '2023-10-18 22:31:11', 7, 16),
(157, 'Nhìn thấy họ, tôi thấy mình có sức mạnh và can đảm để đối mặt với mọi khó khăn 🦁💪.', '2023-10-18 22:31:13', 4, 16),
(158, 'Hình ảnh cún hiệp sĩ nhắc nhở tôi rằng trong mỗi con người, có một tinh thần anh hùng đang chờ đợi để thể hiện 🌠🐶.', '2023-10-18 22:31:14', 10, 16),
(159, 'Các chú cún này không chỉ là thú cưng, mà còn là bạn đồng hành trung thành, luôn ở bên cạnh khi cần 🐕🤗.', '2023-10-18 22:31:15', 6, 16),
(160, 'Hình ảnh cún hiệp sĩ là một biểu tượng của niềm tin, lòng can đảm và sự tận thế 🐕⚔️.', '2023-10-18 22:31:16', 5, 16),
(161, 'Phố cổ Hội An là một biểu tượng của vẻ đẹp cổ điển và sự lưu giữ của lịch sử 🏮🏯.', '2023-10-18 22:31:17', 5, 17),
(162, 'Hình ảnh đèn lồng lung linh khiến phố cổ Hội An trở thành một điểm đến tuyệt vời vào ban đêm 🏮✨.', '2023-10-18 22:31:19', 4, 17),
(163, 'Cảm giác đi dạo trong lối vào hẹp và xinh đẹp của Hội An là không thể quên 🏘️❤️.', '2023-10-18 22:31:20', 1, 17),
(164, 'Phố cổ Hội An với các cửa hàng truyền thống và món ăn ngon là thiên đàng của những người yêu ẩm thực 🍜🍢.', '2023-10-18 22:31:21', 9, 17),
(165, 'Những góc phố cổ đẹp mắt tạo nên nền văn hóa và kiến trúc độc đáo của Hội An 🏰🌸.', '2023-10-18 22:31:22', 8, 17),
(166, 'Hình ảnh cầu Nhật Bản xưa tại Hội An là một bảng tranh sống động về sự hòa hợp giữa hai nền văn hóa 🌉🎎.', '2023-10-18 22:31:24', 2, 17),
(167, 'Phố cổ Hội An mang lại cảm giác thư giãn và thanh bình, là nơi tuyệt vời để trốn thoát khỏi cuộc sống hối hả 🌆🍃.', '2023-10-18 22:31:25', 6, 17),
(168, 'Sự hòa quyện giữa lịch sử và hiện đại làm cho Hội An trở thành một điểm đến độc đáo và thú vị 🏡🏞️.', '2023-10-18 22:31:26', 10, 17),
(169, 'Khi bạn đi dạo trong phố cổ Hội An, bạn cảm nhận sự ấm áp và niềm hạnh phúc của người dân địa phương 🌞👪.', '2023-10-18 22:31:27', 3, 17),
(170, 'Hình ảnh phố cổ Hội An là một lời gợi nhớ về vẻ đẹp của Việt Nam và những giá trị văn hóa độc đáo của nước này 🇻🇳🌅.', '2023-10-18 22:31:29', 7, 17),
(171, 'Chú chim nhỏ này trông thật đáng yêu và đáng yêu quá! 🐦❤️', '2023-10-18 22:31:30', 1, 18),
(172, 'Sự dễ thương của chú chim nhỏ này có thể làm tan chảy trái tim bất kỳ ai 🥰🐤.', '2023-10-18 22:31:31', 6, 18),
(173, 'Nhìn thấy hình ảnh chú chim nhỏ, tôi thấy mình như được kết nối với tự nhiên và thế giới xung quanh 🌿🐦.', '2023-10-18 22:31:32', 9, 18),
(174, 'Chú chim nhỏ đang bay vút lên trời, tôi cảm thấy mình cũng đang bay lượn tự do cùng anh ấy 🌈✈️.', '2023-10-18 22:31:34', 3, 18),
(175, 'Màu lông rực rỡ và sự nhanh nhẹn của chú chim nhỏ khiến tôi cười và thấy vui vẻ 🌼😄.', '2023-10-18 22:31:35', 10, 18),
(176, 'Tôi luôn thấy hình ảnh của những chú chim nhỏ là một minh chứng cho sự đa dạng và quyền tồn tại của mọi loài 🌍🐥.', '2023-10-18 22:31:36', 7, 18),
(177, 'Chú chim nhỏ có khả năng làm những điều tuyệt vời, dù trong việc tìm kiếm thức ăn hoặc xây tổ cho tổ ấm của mình 🏡🍀.', '2023-10-18 22:31:37', 4, 18),
(178, 'Hình ảnh chú chim nhỏ thường khiến tôi nhớ đến những giây phút yên bình và thú vị trong thiên nhiên 🌳📸.', '2023-10-18 22:31:38', 8, 18),
(179, 'Chú chim nhỏ là một biểu tượng của sự hiếu kỳ và tò mò, một lời nhắc nhở để không bao giờ ngừng học hỏi 📚🐣.', '2023-10-18 22:31:40', 5, 18),
(180, 'Nhìn thấy hình ảnh chú chim nhỏ, tôi luôn cảm thấy lòng mình tràn đầy niềm tin và hy vọng 🌟🦜.', '2023-10-18 22:31:41', 2, 18),
(181, 'Bãi biển là nơi tuyệt vời để thư giãn và nghỉ ngơi, đặc biệt sau một tuần làm việc căng thẳng 🏖️🌞.', '2023-10-18 22:31:42', 10, 19),
(182, 'Âm thanh sóng biển và cát nắng tạo nên bản hòa nhạc tự nhiên giúp tôi thấy thật thư giãn 🌊🎶.', '2023-10-18 22:31:43', 6, 19),
(183, 'Hình ảnh bãi biển với ánh nắng mặt trời làm cho tôi nghĩ đến kỳ nghỉ hoàn hảo 🌴🌅.', '2023-10-18 22:31:45', 4, 19),
(184, 'Dạo chơi trên bãi cát trắng mịn là cách tốt để giảm căng thẳng và thư giãn tâm hồn 🏝️😌.', '2023-10-18 22:31:46', 2, 19),
(185, 'Bãi biển luôn đánh thức lòng mê mải và kích thích sự khám phá 🐚🔍.', '2023-10-18 22:31:47', 9, 19),
(186, 'Màu sắc nước biển và bầu trời không giới hạn làm cho tôi cảm thấy như mình ở trong một thiên đàng 🌊🌈.', '2023-10-18 22:31:48', 3, 19),
(187, 'Hình ảnh bãi biển với người chơi lướt sóng là biểu tượng của sự mạo hiểm và thú vị 🏄🤙.', '2023-10-18 22:31:49', 7, 19),
(188, 'Ngắm hoàng hôn trên biển là một trải nghiệm thần kỳ, đầy sự romantisme và tĩnh lặng 🌅❤️.', '2023-10-18 22:31:51', 1, 19),
(189, 'Bãi biển là nơi tôi có thể kết nối mạnh mẽ với tự nhiên và cảm nhận sức mạnh của biển cả 🌊💪.', '2023-10-18 22:31:52', 5, 19),
(190, 'Mỗi lần đặt chân lên bãi biển, tôi cảm thấy minh chứng cho vẻ đẹp và sức mạnh của thiên nhiên 🌏🌞.', '2023-10-18 22:31:53', 8, 19),
(191, 'Hình ảnh những cuốn sách là một cửa sổ mở ra thế giới vô tận của tri thức 📚🌍.', '2023-10-18 22:31:54', 1, 20),
(192, 'Cuốn sách nào cũng là một phiêu lưu mới đang chờ đợi bạn khám phá 🚀📖.', '2023-10-18 22:31:55', 4, 20),
(193, 'Khám phá thế giới thông qua sách là một trải nghiệm thú vị và bổ ích 🌏📕.', '2023-10-18 22:31:57', 6, 20),
(194, 'Mùi của sách cũ luôn đem lại cảm giác thú vị của thời gian đã trôi qua 📜👃.', '2023-10-18 22:31:58', 8, 20),
(195, 'Sách không chỉ là nguồn kiến thức mà còn là một cách tuyệt vời để thư giãn và thả mình vào câu chuyện 📖😌.', '2023-10-18 22:31:59', 9, 20),
(196, 'Hình ảnh các đầu sách đứng sẵn sàng trên kệ là lời mời đầy hứa hẹn để bắt đầu một cuộc phiêu lưu mới 📚🎉.', '2023-10-18 22:32:00', 5, 20),
(197, 'Tôi yêu cách mà sách có thể thay đổi cuộc sống của bạn và mang đến cái nhìn mới về thế giới 🌟📔.', '2023-10-18 22:32:02', 7, 20),
(198, 'Hình ảnh người đọc sách có thể thấy mình mắc kẹt trong câu chuyện, như một phần của thế giới tưởng tượng 🤩📚.', '2023-10-18 22:32:03', 2, 20),
(199, 'Sách là bạn đồng hành tốt nhất của bạn, luôn sẵn sàng để bạn mở ra và tiếp tục cuộc hành trình tri thức 📚🚶.', '2023-10-18 22:32:04', 10, 20),
(200, 'Sách là món quà của tình yêu và tri thức, một kho báu không giới hạn 📚❤️.', '2023-10-18 22:32:05', 3, 20);

INSERT INTO `image` (`image_id`, `image_name`, `image_url`, `image_desc`, `user_id`) VALUES
(1, 'Trái cây', '1697637149576-fruit.jpg.webp', '', 1);
INSERT INTO `image` (`image_id`, `image_name`, `image_url`, `image_desc`, `user_id`) VALUES
(2, 'Phòng khách', '1697637282403-cambg_7.jpg.webp', '', 1);
INSERT INTO `image` (`image_id`, `image_name`, `image_url`, `image_desc`, `user_id`) VALUES
(3, 'The Flash', '1697637625785-flash.jpeg.webp', '', 2);
INSERT INTO `image` (`image_id`, `image_name`, `image_url`, `image_desc`, `user_id`) VALUES
(4, 'Giáng sinh', '1697637679892-cambg_3.jpg.webp', '', 2),
(5, 'Hoa hướng dương', '1697638286157-sunflower.jpg.webp', '', 3),
(6, 'Bức tường', '1697638331099-cambg_4.jpg.webp', '', 3),
(7, 'Cà phê', '1697642823550-coffee.jpg.webp', '', 4),
(8, 'Mèo cưng', '1697642881020-cat.jpg.webp', '', 4),
(9, 'Thị trấn ven biển', '1697643245688-town.jpg.webp', '', 5),
(10, 'Thuyền buồm', '1697643332600-midjourney-after.png.webp', '', 5),
(11, 'Kem', '1697643517011-ice_cream.png.webp', '', 6),
(12, 'Cỏ may mắn', '1697643567932-co-may-man.jpg.webp', '', 6),
(13, 'Tháp Eiffel', '1697643831733-Thap-Eiffel.jpg.webp', '', 7),
(14, 'Rồng', '1697643873218-dragon.jpg.webp', '', 7),
(15, 'Mùa xuân', '1697644055958-spring.jpg.webp', '', 8),
(16, 'Cún hiệp sĩ', '1697644104449-Tuat.jpg.webp', '', 8),
(17, 'Phố cổ Hội An', '1697644340820-pho-co-Hoi-An.jpg.webp', '', 9),
(18, 'Chú chim nhỏ', '1697644416124-chim.jpg.webp', '', 9),
(19, 'Bãi biển', '1697644621681-beach.png.webp', '', 10),
(20, 'Sách', '1697644675363-book.jpg.webp', '', 10);

INSERT INTO `save` (`save_id`, `save_date`, `user_id`, `image_id`) VALUES
(1, '2023-10-18 22:58:51', 4, 1);
INSERT INTO `save` (`save_id`, `save_date`, `user_id`, `image_id`) VALUES
(2, '2023-10-18 22:58:53', 10, 1);
INSERT INTO `save` (`save_id`, `save_date`, `user_id`, `image_id`) VALUES
(3, '2023-10-18 22:58:55', 3, 1);
INSERT INTO `save` (`save_id`, `save_date`, `user_id`, `image_id`) VALUES
(4, '2023-10-18 22:58:56', 2, 1),
(5, '2023-10-18 22:58:58', 1, 1),
(6, '2023-10-18 22:58:59', 5, 1),
(7, '2023-10-18 22:59:01', 6, 1),
(8, '2023-10-18 22:59:02', 8, 1),
(9, '2023-10-18 22:59:04', 7, 1),
(10, '2023-10-18 22:59:05', 2, 2),
(11, '2023-10-18 22:59:07', 3, 2),
(12, '2023-10-18 22:59:09', 9, 2),
(13, '2023-10-18 22:59:10', 6, 2),
(14, '2023-10-18 22:59:12', 8, 2),
(15, '2023-10-18 22:59:13', 6, 3),
(16, '2023-10-18 22:59:15', 2, 3),
(17, '2023-10-18 22:59:16', 4, 3),
(18, '2023-10-18 22:59:18', 5, 3),
(19, '2023-10-18 22:59:19', 8, 3),
(20, '2023-10-18 22:59:21', 3, 3),
(21, '2023-10-18 22:59:22', 10, 3),
(22, '2023-10-18 22:59:24', 1, 3),
(23, '2023-10-18 22:59:25', 9, 3),
(24, '2023-10-18 22:59:27', 7, 3),
(25, '2023-10-18 22:59:28', 7, 4),
(26, '2023-10-18 22:59:30', 6, 4),
(27, '2023-10-18 22:59:31', 2, 4),
(28, '2023-10-18 22:59:33', 9, 4),
(29, '2023-10-18 22:59:34', 10, 4),
(30, '2023-10-18 22:59:36', 3, 5),
(31, '2023-10-18 22:59:38', 10, 5),
(32, '2023-10-18 22:59:39', 9, 5),
(33, '2023-10-18 22:59:40', 2, 5),
(34, '2023-10-18 22:59:42', 5, 5),
(35, '2023-10-18 22:59:43', 1, 5),
(36, '2023-10-18 22:59:46', 6, 5),
(37, '2023-10-18 22:59:47', 10, 6),
(38, '2023-10-18 22:59:49', 5, 6),
(39, '2023-10-18 22:59:50', 1, 6),
(40, '2023-10-18 22:59:52', 4, 6),
(41, '2023-10-18 22:59:53', 3, 6),
(42, '2023-10-18 22:59:55', 8, 6),
(43, '2023-10-18 22:59:56', 10, 7),
(44, '2023-10-18 22:59:58', 7, 7),
(45, '2023-10-18 22:59:59', 5, 7),
(46, '2023-10-18 23:00:01', 6, 7),
(47, '2023-10-18 23:00:02', 4, 7),
(48, '2023-10-18 23:00:04', 3, 7),
(49, '2023-10-18 23:00:05', 1, 7),
(50, '2023-10-18 23:00:07', 2, 8),
(51, '2023-10-18 23:00:08', 1, 8),
(52, '2023-10-18 23:00:10', 8, 8),
(53, '2023-10-18 23:00:11', 5, 8),
(54, '2023-10-18 23:00:13', 7, 8),
(55, '2023-10-18 23:00:15', 2, 9),
(56, '2023-10-18 23:00:16', 10, 9);
INSERT INTO `save` (`save_id`, `save_date`, `user_id`, `image_id`) VALUES
(57, '2023-10-18 23:00:18', 7, 9),
(58, '2023-10-18 23:00:19', 1, 9),
(59, '2023-10-18 23:00:21', 8, 9),
(60, '2023-10-18 23:00:22', 3, 9),
(61, '2023-10-18 23:00:24', 4, 9),
(62, '2023-10-18 23:00:25', 5, 9),
(63, '2023-10-18 23:00:27', 9, 9),
(64, '2023-10-18 23:00:28', 6, 9),
(65, '2023-10-18 23:00:30', 5, 10),
(66, '2023-10-18 23:00:32', 4, 10),
(67, '2023-10-18 23:00:33', 3, 10),
(68, '2023-10-18 23:00:35', 6, 10),
(69, '2023-10-18 23:00:36', 1, 10),
(70, '2023-10-18 23:00:38', 5, 11),
(71, '2023-10-18 23:00:40', 9, 11),
(72, '2023-10-18 23:00:41', 2, 11),
(73, '2023-10-18 23:00:43', 4, 11),
(74, '2023-10-18 23:00:44', 1, 11),
(75, '2023-10-18 23:00:46', 3, 11),
(76, '2023-10-18 23:00:48', 7, 11),
(77, '2023-10-18 23:00:49', 6, 11),
(78, '2023-10-18 23:00:51', 10, 11),
(79, '2023-10-18 23:00:52', 10, 12),
(80, '2023-10-18 23:00:54', 6, 12),
(81, '2023-10-18 23:00:55', 7, 12),
(82, '2023-10-18 23:00:57', 3, 12),
(83, '2023-10-18 23:00:58', 1, 12),
(84, '2023-10-18 23:01:00', 4, 12),
(85, '2023-10-18 23:01:01', 3, 13),
(86, '2023-10-18 23:01:03', 9, 13),
(87, '2023-10-18 23:01:05', 7, 13),
(88, '2023-10-18 23:01:06', 8, 13),
(89, '2023-10-18 23:01:08', 4, 13),
(90, '2023-10-18 23:01:09', 2, 13),
(91, '2023-10-18 23:01:11', 6, 13),
(92, '2023-10-18 23:01:12', 5, 13),
(93, '2023-10-18 23:01:14', 1, 13),
(94, '2023-10-18 23:01:15', 10, 13),
(95, '2023-10-18 23:01:17', 5, 14),
(96, '2023-10-18 23:01:19', 4, 14),
(97, '2023-10-18 23:01:20', 6, 14),
(98, '2023-10-18 23:01:22', 8, 14),
(99, '2023-10-18 23:01:23', 3, 14),
(100, '2023-10-18 23:01:25', 2, 14),
(101, '2023-10-18 23:01:26', 6, 15),
(102, '2023-10-18 23:01:27', 8, 15),
(103, '2023-10-18 23:01:29', 5, 15),
(104, '2023-10-18 23:01:31', 1, 15),
(105, '2023-10-18 23:01:32', 3, 15),
(106, '2023-10-18 23:01:34', 9, 15),
(107, '2023-10-18 23:01:35', 10, 15),
(108, '2023-10-18 23:01:37', 1, 16),
(109, '2023-10-18 23:01:38', 5, 16),
(110, '2023-10-18 23:01:40', 6, 16),
(111, '2023-10-18 23:01:42', 4, 16),
(112, '2023-10-18 23:01:43', 2, 16),
(113, '2023-10-18 23:01:44', 3, 16),
(114, '2023-10-18 23:01:46', 8, 16),
(115, '2023-10-18 23:01:48', 9, 16),
(116, '2023-10-18 23:01:49', 10, 16),
(117, '2023-10-18 23:01:51', 3, 17),
(118, '2023-10-18 23:01:52', 1, 17),
(119, '2023-10-18 23:01:54', 6, 17),
(120, '2023-10-18 23:01:56', 7, 17),
(121, '2023-10-18 23:01:57', 4, 17),
(122, '2023-10-18 23:01:59', 8, 17),
(123, '2023-10-18 23:02:00', 2, 17),
(124, '2023-10-18 23:02:02', 5, 17),
(125, '2023-10-18 23:02:03', 7, 18),
(126, '2023-10-18 23:02:05', 9, 18),
(127, '2023-10-18 23:02:07', 6, 18),
(128, '2023-10-18 23:02:08', 2, 18),
(129, '2023-10-18 23:02:10', 8, 18),
(130, '2023-10-18 23:02:11', 5, 18),
(131, '2023-10-18 23:02:13', 1, 18),
(132, '2023-10-18 23:02:14', 3, 18),
(133, '2023-10-18 23:02:16', 4, 18),
(134, '2023-10-18 23:02:17', 1, 19),
(135, '2023-10-18 23:02:19', 2, 19),
(136, '2023-10-18 23:02:20', 6, 19),
(137, '2023-10-18 23:02:22', 10, 19),
(138, '2023-10-18 23:02:23', 9, 19),
(139, '2023-10-18 23:02:25', 1, 20),
(141, '2023-10-18 23:02:28', 6, 20),
(142, '2023-10-18 23:02:30', 5, 20),
(143, '2023-10-18 23:02:31', 10, 20),
(144, '2023-10-18 23:02:33', 9, 20),
(145, '2023-10-18 23:02:34', 4, 20),
(148, '2023-10-20 08:36:36', 2, 20);

INSERT INTO `user` (`user_id`, `email`, `password`, `full_name`, `age`, `avatar`) VALUES
(1, 'annguyen@gmail.com', '$2b$10$hkcvwytk6LhrpEHOjnGmWeWRxvwWmWAb.mqdEI7Jbx7dwNX2CXTNe', 'Nguyễn Văn An', 25, '1697637915612-annguyen.jpg.webp');
INSERT INTO `user` (`user_id`, `email`, `password`, `full_name`, `age`, `avatar`) VALUES
(2, 'bichtran@yahoo.com', '$2b$10$b3CpFO7dTbrWwnC3UZPW4.VduVwEVeXl7XxEkDqNaQaTryDAhP.KK', 'Trần Thị Bích', 30, '1697637867802-bichtran.jpg.webp');
INSERT INTO `user` (`user_id`, `email`, `password`, `full_name`, `age`, `avatar`) VALUES
(3, 'congle@hotmail.com', '$2b$10$ib4/.aDmZYTh5tZLLqE7Re.8Yrhhy5EOuAdTYA62KvkurK.OoKwk.', 'Lê Văn Công', 28, '1697638520421-congle.jpg.webp');
INSERT INTO `user` (`user_id`, `email`, `password`, `full_name`, `age`, `avatar`) VALUES
(4, 'duyenpham@outlook.com', '$2b$10$d4jJ3gM.hdqBCpOiMRjk5uEGlS9kGr8KzxeG7EdNNNK5BG07svtDW', 'Phạm Thị Duyên', 22, '1697643112315-duyenpham.jpg.webp'),
(5, 'emhoang@gmail.com', '$2b$10$JUVtGQ05DhJi7Bm5f7ZBxuRVsczui7dX9tc9fV9cthlIiyzCfGwYK', 'Hoàng Văn Em', 35, '1697643413878-emhoang.png.webp'),
(6, 'phuocvu@yahoo.com', '$2b$10$T0fgdrgmo1DANxmeA2/CcO60yhGGBhfJ/Le/Z1pnhTgWSV87zK9hO', 'Vũ Thị Phước', 29, '1697643693110-phuocvu.png.webp'),
(7, 'giangdang@hotmail.com', '$2b$10$W3AeQbmJdhTrb/EQZHTfeu8t09z59XSVFKJwgb61PLLXW52UcZWSy', 'Đặng Văn Giang', 31, '1697643933498-giangdang.jpg.webp'),
(8, 'hongtrinh@outlook.com', '$2b$10$DllHbXMbtFPalpgZloUXs.FQwie1lRFpZbVGd4/0WPXoAcmBnwhSK', 'Trịnh Thị Hồng', 27, '1697644193722-hongtrinh.png.webp'),
(9, 'ichmai@gmail.com', '$2b$10$x64cn1ar6XMCOrJSgj1pn.wQkRLHTBctsYi4omcGAdh0qBvCZlfzu', 'Mai Văn Ích', 26, '1697644495786-ichmai.jpg.webp'),
(10, 'khaly@yahoo.com', '$2b$10$j56bhBXqF.4OE2eonreTrupuCe1DQgaxg/ACQvzHPzR6vG.2eABkO', 'Lý Thị Kha', 33, '1697644796409-khaly.jpg.webp');

INSERT INTO `reaction` (`reaction_id`, `reaction_type`, `user_id`, `image_id`) VALUES
(1, 'wow', 6, 1);
INSERT INTO `reaction` (`reaction_id`, `reaction_type`, `user_id`, `image_id`) VALUES
(2, 'haha', 5, 1);
INSERT INTO `reaction` (`reaction_id`, `reaction_type`, `user_id`, `image_id`) VALUES
(3, 'love', 3, 1);
INSERT INTO `reaction` (`reaction_id`, `reaction_type`, `user_id`, `image_id`) VALUES
(4, 'haha', 10, 1),
(5, 'love', 7, 1),
(6, 'wow', 2, 1),
(7, 'good idea', 8, 2),
(8, 'thanks', 1, 2),
(9, 'love', 4, 2),
(10, 'thanks', 6, 2),
(11, 'thanks', 9, 2),
(12, 'haha', 5, 2),
(13, 'thanks', 7, 2),
(14, 'haha', 3, 2),
(15, 'love', 2, 2),
(16, 'wow', 10, 2),
(17, 'haha', 8, 3),
(18, 'wow', 2, 3),
(19, 'good idea', 1, 3),
(20, 'haha', 9, 3),
(21, 'thanks', 7, 3),
(22, 'love', 4, 3),
(23, 'wow', 6, 3),
(24, 'good idea', 5, 3),
(25, 'thanks', 10, 3),
(26, 'thanks', 3, 3),
(27, 'thanks', 5, 4),
(28, 'haha', 8, 4),
(29, 'good idea', 7, 4),
(30, 'love', 9, 4),
(31, 'good idea', 3, 4),
(32, 'haha', 8, 5),
(33, 'wow', 7, 5),
(34, 'thanks', 2, 5),
(35, 'thanks', 9, 5),
(36, 'haha', 4, 5),
(37, 'haha', 5, 5),
(38, 'good idea', 1, 6),
(39, 'wow', 9, 6),
(40, 'good idea', 8, 6),
(41, 'haha', 10, 6),
(42, 'haha', 4, 6),
(43, 'wow', 2, 6),
(44, 'haha', 7, 6),
(45, 'good idea', 3, 6),
(46, 'wow', 7, 7),
(47, 'wow', 10, 7),
(48, 'haha', 6, 7),
(49, 'good idea', 8, 7),
(50, 'thanks', 9, 7),
(51, 'thanks', 1, 7),
(52, 'haha', 4, 7),
(53, 'wow', 7, 8),
(54, 'love', 1, 8),
(55, 'wow', 4, 8),
(56, 'wow', 8, 8),
(57, 'love', 6, 8),
(58, 'love', 3, 8),
(59, 'wow', 9, 8),
(60, 'thanks', 10, 8),
(61, 'thanks', 5, 8),
(62, 'haha', 1, 9),
(63, 'wow', 10, 9),
(64, 'thanks', 9, 9),
(65, 'love', 2, 9),
(66, 'good idea', 6, 9),
(67, 'wow', 9, 10),
(68, 'good idea', 6, 10),
(69, 'love', 1, 10),
(70, 'good idea', 4, 10),
(71, 'love', 10, 10),
(72, 'thanks', 9, 11),
(73, 'good idea', 6, 11),
(74, 'love', 4, 11),
(75, 'love', 10, 11),
(76, 'thanks', 3, 11),
(77, 'love', 1, 11),
(78, 'love', 9, 12);
INSERT INTO `reaction` (`reaction_id`, `reaction_type`, `user_id`, `image_id`) VALUES
(79, 'haha', 6, 12),
(80, 'thanks', 1, 12),
(81, 'thanks', 7, 12),
(82, 'wow', 5, 12),
(83, 'haha', 7, 13),
(84, 'thanks', 1, 13),
(85, 'thanks', 3, 13),
(86, 'thanks', 5, 13),
(87, 'wow', 6, 13),
(88, 'love', 4, 13),
(89, 'thanks', 9, 14),
(90, 'love', 4, 14),
(91, 'love', 2, 14),
(92, 'good idea', 7, 14),
(93, 'haha', 1, 14),
(94, 'thanks', 3, 14),
(95, 'thanks', 5, 14),
(96, 'good idea', 6, 14),
(97, 'love', 8, 14),
(98, 'thanks', 6, 15),
(99, 'good idea', 3, 15),
(100, 'thanks', 5, 15),
(101, 'haha', 7, 15),
(102, 'haha', 10, 15),
(103, 'haha', 9, 15),
(104, 'haha', 4, 15),
(105, 'good idea', 2, 15),
(106, 'thanks', 7, 16),
(107, 'thanks', 6, 16),
(108, 'good idea', 8, 16),
(109, 'love', 9, 16),
(110, 'haha', 4, 16),
(111, 'thanks', 1, 16),
(112, 'haha', 2, 16),
(113, 'thanks', 3, 16),
(114, 'love', 5, 16),
(115, 'good idea', 10, 16),
(116, 'wow', 6, 17),
(117, 'thanks', 5, 17),
(118, 'good idea', 7, 17),
(119, 'good idea', 1, 17),
(120, 'love', 10, 17),
(121, 'love', 3, 17),
(122, 'thanks', 9, 17),
(123, 'wow', 2, 17),
(124, 'haha', 8, 17),
(125, 'haha', 5, 18),
(126, 'good idea', 3, 18),
(127, 'thanks', 1, 18),
(128, 'love', 2, 18),
(129, 'good idea', 6, 18),
(130, 'haha', 8, 18),
(131, 'good idea', 7, 18),
(132, 'haha', 10, 18),
(133, 'wow', 3, 19),
(134, 'haha', 5, 19),
(135, 'thanks', 7, 19),
(136, 'haha', 6, 19),
(137, 'good idea', 9, 19),
(138, 'wow', 2, 19),
(139, 'wow', 8, 19),
(140, 'love', 4, 19),
(141, 'haha', 8, 20),
(142, 'love', 6, 20),
(143, 'haha', 1, 20),
(144, 'good idea', 2, 20),
(145, 'thanks', 3, 20),
(146, 'wow', 5, 20);


/*!40101 SET SQL_MODE=@OLD_SQL_MODE */;
/*!40014 SET FOREIGN_KEY_CHECKS=@OLD_FOREIGN_KEY_CHECKS */;
/*!40014 SET UNIQUE_CHECKS=@OLD_UNIQUE_CHECKS */;
/*!40101 SET CHARACTER_SET_CLIENT=@OLD_CHARACTER_SET_CLIENT */;
/*!40101 SET CHARACTER_SET_RESULTS=@OLD_CHARACTER_SET_RESULTS */;
/*!40101 SET COLLATION_CONNECTION=@OLD_COLLATION_CONNECTION */;
/*!40111 SET SQL_NOTES=@OLD_SQL_NOTES */;